Adversarial loss,Identity loss,Forward loss,Backward loss,Weighted overall loss
0.30644405,0.35132572,0.35582417,0.3596458,0.5761109
0.32015422,0.3507282,0.32429722,0.3565794,0.55516016
0.13012317,0.3064303,0.33010566,0.31921622,0.50971824
0.49262533,0.30219233,0.32404312,0.3095191,0.5212008
0.4468821,0.28763536,0.2770692,0.29367718,0.47453263
0.55076754,0.29071128,0.26454192,0.29048482,0.47216195
0.76388216,0.27258736,0.28002867,0.27551907,0.48014355
0.2987548,0.2774218,0.29325074,0.2704394,0.45767295
0.46299183,0.2605488,0.27083227,0.2636292,0.44439694
