Adversarial loss,Identity loss,Forward loss,Backward loss,Weighted overall loss
0.049935006,0.35482144,0.3596458,0.35582417,0.5611714
0.17666808,0.33071762,0.3565794,0.32429722,0.5399388
0.51723325,0.32030797,0.31921622,0.33010563,0.5382494
0.43873176,0.2924668,0.3095191,0.32404312,0.5147931
0.13489714,0.27204865,0.29367718,0.2770692,0.45016277
0.22422366,0.2578771,0.29048482,0.26454192,0.44149238
0.41109538,0.26592612,0.27551907,0.28002867,0.45601264
0.3436358,0.28697106,0.2704394,0.2932508,0.463462
0.17438444,0.2687222,0.2636292,0.27083227,0.42891303
