Adversarial loss,Identity loss,Forward loss,Backward loss,Weighted overall loss
0.31729713,0.34320202,0.32392424,0.36119413,0.55528075
0.31010756,0.28925088,0.2772422,0.30425236,0.47320685
