Adversarial loss,Identity loss,Forward loss,Backward loss,Weighted overall loss
0.2720291,0.31480166,0.33394945,0.3149013,0.52090925
0.18522073,0.26422736,0.28226393,0.26024312,0.43321428
