Adversarial loss,Identity loss,Forward loss,Backward loss,Weighted overall loss
0.3263341,0.34477603,0.36607745,0.35430816,0.5783794
0.5372147,0.29357526,0.31889552,0.2964108,0.50988466
0.2129672,0.30047044,0.30278367,0.30142686,0.48483917
0.59105307,0.2943619,0.28543466,0.29353088,0.49078247
0.57919544,0.27350843,0.28836685,0.2788139,0.4761591
0.3299414,0.28012457,0.2755472,0.2911577,0.46235076
0.5931574,0.27162352,0.2812784,0.2731848,0.46849403
0.6284711,0.2602686,0.26906642,0.2590512,0.45068702
0.78071433,0.27054366,0.26920566,0.26995608,0.47031567
