Adversarial loss,Identity loss,Forward loss,Backward loss,Weighted overall loss
0.46830508,0.3143518,0.26631767,0.33824748,0.50535715
0.27596465,0.30198747,0.269134,0.3518761,0.49975023
0.42704257,0.27451742,0.24030727,0.28959695,0.44366702
0.6104993,0.27523208,0.2222548,0.2725041,0.43339047
0.3573238,0.2718345,0.21995592,0.27577278,0.4171115
0.31322107,0.2758516,0.21628666,0.27039838,0.40995803
