Adversarial loss,Identity loss,Forward loss,Backward loss,Weighted overall loss
0.08413997,0.25294298,0.33824748,0.26631767,0.46215668
0.5256614,0.25117484,0.3518761,0.269134,0.49947727
0.13399367,0.23703828,0.28959695,0.24030727,0.4136392
0.41720238,0.22347131,0.2725041,0.2222548,0.4051343
0.4240251,0.21446739,0.27577278,0.21995592,0.403353
0.29428828,0.22134967,0.27039838,0.21628666,0.39174294
