Adversarial loss,Identity loss,Forward loss,Backward loss,Weighted overall loss
0.13171603,0.28300056,0.33958274,0.2886523,0.48931676
0.18636657,0.22533254,0.28638697,0.23900658,0.41043538
0.13085067,0.21821474,0.27446303,0.22257146,0.3870168
0.08552275,0.2205326,0.2632501,0.23308568,0.38447145
0.14354168,0.22030517,0.2340258,0.22515637,0.36480558
0.35200158,0.222566,0.2407895,0.21961108,0.37930226
0.1428388,0.21763414,0.22242256,0.2185113,0.35252187
0.15605521,0.20601714,0.26811832,0.2335987,0.38770673
0.16346496,0.20625252,0.24923289,0.20646134,0.35947934
