Adversarial loss,Identity loss,Forward loss,Backward loss,Weighted overall loss
0.18656752,0.35356385,0.29560548,0.35285485,0.52743685
0.1252164,0.28698596,0.25237525,0.2921274,0.43782344
0.16163689,0.27980196,0.23353902,0.26558518,0.40949306
0.14506489,0.27940115,0.22874866,0.28199124,0.4155918
0.1490917,0.28029907,0.23109695,0.2868938,0.42065603
0.50919074,0.28129074,0.22384322,0.28316477,0.43660796
0.24333227,0.25396803,0.22394371,0.2644034,0.39979017
0.06365386,0.24797803,0.22098957,0.26446325,0.38487947
0.19096039,0.2641989,0.21309541,0.25813258,0.38901475
