Adversarial loss,Identity loss,Forward loss,Backward loss,Weighted overall loss
0.6565458,0.3683376,0.35397267,0.36030933,0.6025658
0.8520751,0.34358788,0.3181622,0.34838557,0.57721823
0.7095701,0.31492817,0.30443713,0.33056325,0.5396384
0.60739446,0.30579066,0.28164792,0.3101962,0.5034242
0.7491578,0.28953895,0.28318968,0.28999108,0.4955413
0.37212285,0.27678573,0.26945913,0.28031468,0.45336193
