Adversarial loss,Identity loss,Forward loss,Backward loss,Weighted overall loss
0.38466483,0.34940606,0.36030933,0.35397267,0.57965714
0.69718605,0.3151653,0.34838557,0.3181622,0.5586557
0.47403923,0.29536906,0.33056325,0.30443713,0.5188056
0.5921961,0.2736532,0.3101962,0.28164792,0.49243137
0.54755265,0.28089732,0.28999108,0.28318968,0.48024055
0.46352786,0.2655731,0.28031468,0.26945913,0.45557067
