Adversarial loss,Identity loss,Forward loss,Backward loss,Weighted overall loss
0.21164106,0.3253577,0.2886523,0.33958274,0.5075487
0.20653227,0.28039834,0.23900658,0.28638697,0.42890358
0.20056929,0.2785644,0.22257146,0.27446303,0.41023338
0.22630318,0.26247033,0.23308568,0.2632501,0.4063757
0.4148521,0.23812048,0.22515637,0.2340258,0.38732982
0.3254673,0.24049172,0.21961108,0.2407895,0.3832457
0.47296527,0.22796024,0.2185113,0.22242256,0.37638152
0.26785833,0.28455594,0.2335987,0.26811832,0.419238
0.25648627,0.25703815,0.20646134,0.24923289,0.38116384
