Adversarial loss,Identity loss,Forward loss,Backward loss,Weighted overall loss
0.090833634,0.26423866,0.35285485,0.29560548,0.4935393
0.15768662,0.23910128,0.2921274,0.25237525,0.42488864
0.053316504,0.21627125,0.26558518,0.23353902,0.3828697
0.124039166,0.2225111,0.28199124,0.22874866,0.39649972
0.29967576,0.21404108,0.2868938,0.23109695,0.40936187
0.090695515,0.21659566,0.28316477,0.22384322,0.3902347
0.086900584,0.21269535,0.2644034,0.22394371,0.37711564
0.2120785,0.21957192,0.26446325,0.22098957,0.38527912
0.29277432,0.2202205,0.25813258,0.21309541,0.38163483
