Adversarial loss,Identity loss,Forward loss,Backward loss,Weighted overall loss
0.51360244,0.36170402,0.35430816,0.36607745,0.5953737
0.7210126,0.3176798,0.2964108,0.31889552,0.5289046
0.63964915,0.30066815,0.30142686,0.30278367,0.5115683
0.6606055,0.28595468,0.29353088,0.28543466,0.4925021
0.5620602,0.2861466,0.2788139,0.28836685,0.47903767
0.62608004,0.26710206,0.2911577,0.2755472,0.47678986
0.625953,0.279072,0.2731848,0.2812784,0.47287148
0.7951775,0.26575816,0.2590512,0.26906642,0.46282157
0.7414074,0.26304826,0.26995608,0.26920566,0.4655166
